{
    "accuracy": [
        0.28423717617988586,
        0.3427014946937561,
        0.3636237382888794,
        0.3774331212043762,
        0.386731892824173,
        0.39231809973716736,
        0.4051559567451477,
        0.4053294360637665,
        0.4082786738872528,
        0.4172651767730713
    ],
    "val_accuracy": [
        0.3672516345977783,
        0.39909425377845764,
        0.4153693616390228,
        0.41480329632759094,
        0.43136143684387207,
        0.43419191241264343,
        0.44211718440055847,
        0.43914520740509033,
        0.4429663121700287,
        0.4465043842792511
    ],
    "loss": [
        1.791811227798462,
        1.6669628620147705,
        1.620943546295166,
        1.595479130744934,
        1.577027678489685,
        1.5648581981658936,
        1.545028567314148,
        1.5332350730895996,
        1.5331158638000488,
        1.515656590461731
    ],
    "val_loss": [
        1.6376320123672485,
        1.5830364227294922,
        1.5379095077514648,
        1.5212147235870361,
        1.5062531232833862,
        1.4859334230422974,
        1.474787712097168,
        1.4573091268539429,
        1.4560824632644653,
        1.449425220489502
    ]
}